Tweet Text;Tweet Datetime;Twitter @ Name;Place Info;Retweets;Language
Yo en mi local vendo lo que se me canta el orto. Y por eso no prohibo que la gente tenga un Huawei (no tengo fundas‚Ä¶ https://t.co/CFaC6QAUlD;12/03/2021 3:05;Juancruzn15;No Registra - Latam;0;es
Este reloj inteligente de Huawei es tan bonito como un Apple Watch y lo tienes en Amazon por mucho menos https://t.co/FwzMYISHWu;12/03/2021 3:00;trendencias;No Registra - Latam;0;es
@ValuJim433 Yo apoyo en Deezer, es que mi cel no me permite tener Spotify, por aquello del pleito de Huawei con USA‚Ä¶ https://t.co/f0zMtvTZ5E;12/03/2021 2:58;gaby_nuz_min;No Registra - Latam;0;es
RT @F0RJUM1N: por lo que veo tengo 1239 dias con seungmin espero q sea asi pq no puedo revisar mis historias anteriores jaja maldito huawei‚Ä¶;12/03/2021 2:57;MINTHROB;No Registra - Latam;1;es
@nach0lvp No le mientas a la gente solo para pelearme a mi, ahora ten√©s un Huawei;12/03/2021 2:56;hijadelF;No Registra - Latam;0;es
por lo que veo tengo 1239 dias con seungmin espero q sea asi pq no puedo revisar mis historias anteriores jaja maldito huawei!!;12/03/2021 2:56;F0RJUM1N;No Registra - Latam;1;es
Seguimos por #salud #huawei #runner #5k mejorando tiempo #instarunners #nike #DueleTodoüèÉüèÉüèÉüèÉ https://t.co/UiTWf9olM9;12/03/2021 2:54;jhondrumer;No Registra - Latam;0;es
primero en un call center en turnos de 6 a 2 y de 2 a 10. Despu√©s en Huawei, todo el d√≠a. Parce, esas situaciones a‚Ä¶ https://t.co/5Wy6swfZtq;12/03/2021 2:54;eddymadrigall;No Registra - Latam;0;es
@CortinaTomas @flamarojo @rck110 @Telefonia_MX Creo que el principal problema que va a tener telef√≥nica es adaptar‚Ä¶ https://t.co/M37yok4gGQ;12/03/2021 2:46;Exbloguero;Hermosillo, Sonora;0;es
RT @HuaweiMobileMx: No les pasa que acaban de comprar el modelo m√°s nuevo de HUAWEI FreeBuds y de pronto ya sacamos otro m√°s nuevo. ü§°;12/03/2021 2:43;Sinmantul;No Registra - Latam;4;es
@natilongueira Cualquier Huawei desde el Nova 5 T hacia arriba;12/03/2021 2:41;plopezfelipe;No Registra - Latam;0;es
RT @HuaweiMobileCo: ¬°Las noches con Huawei son las mejores!üåñ‚ú®. Compra tus dispositivos favoritos Huawei con los mejores precios solo en Noc‚Ä¶;12/03/2021 2:36;JMonroy68;No Registra - Latam;0;es
@cesarsalza @Huawei Los √∫ltimos dise√±os est√°n siendo muy raros pero el que m√°s destaca es el xiaomi m11 ultra por la pantallita trasera;12/03/2021 2:34;RoddyParrales3;No Registra - Latam;0;es
Huawei P50 ser√° el primer smartphone con HarmonyOS preinstalado: abandonar√° Android por completo, seg√∫n filtraci√≥n‚Ä¶ https://t.co/iPqnAxlZzV;12/03/2021 2:34;RoudoudouHirons;No Registra - Latam;0;es
RT @HuaweiMobileCo: ¬°Las noches con Huawei son las mejores!üåñ‚ú®. Compra tus dispositivos favoritos Huawei con los mejores precios solo en Noc‚Ä¶;12/03/2021 2:28;diderg724;No Registra - Latam;1;es
"@juansbeatle @HoliMiPerro @GabrielSantosCD Yo tengo un Huawei de ""backup"" desde el 2016 y ah√≠ est√° en perfectas con‚Ä¶ https://t.co/SZknkho7Ux";12/03/2021 2:26;SCardenasS;No Registra - Latam;0;es
HUAWEI ME TIENES HASTA LA VERGA;12/03/2021 2:25;vlontjeva;No Registra - Latam;0;es
Este soy yo cuando llego donde trabaja mis amistades... Recuerdo que un amigo trabaja en Huawei y entraba a ver cos‚Ä¶ https://t.co/0JKdbnoBW5;12/03/2021 2:20;allexd26;No Registra - Latam;0;es
"Estos son los smartphone de Huawei que cierran un ciclo de actualizaciones 
https://t.co/rSB1X1VNDy";12/03/2021 2:20;tecnocat01;No Registra - Latam;0;es
RT @HuaweiMobileMx: No les pasa que acaban de comprar el modelo m√°s nuevo de HUAWEI FreeBuds y de pronto ya sacamos otro m√°s nuevo. ü§°;12/03/2021 2:16;martinfuertemx;No Registra - Latam;4;es
@DanielM52462893 ¬°Hola @DanielM52462893 ! Puedes conocer las especificaciones del Huawei Y8p a trav√©s de:‚Ä¶ https://t.co/Rr2aDWh3JV;12/03/2021 2:12;HuaweiMobileCo;No Registra - Latam;0;es
RT @HuaweiMobileMx: No les pasa que acaban de comprar el modelo m√°s nuevo de HUAWEI FreeBuds y de pronto ya sacamos otro m√°s nuevo. ü§°;12/03/2021 2:10;M__e__l__o;No Registra - Latam;4;es
RT @SEP_mx: Con una aplicaci√≥n m√≥vil que resuelve necesidades sociales, Christian Arreola, egresado del @TecNM_MX, obtuvo el primer lugar e‚Ä¶;12/03/2021 2:06;lalojimjuarez;No Registra - Latam;56;es
En noviembre, Huawei lanz√≥ el Mate Station S su primera computadora de escritorio al mercado chino, la cual ahora e‚Ä¶ https://t.co/SNjIXvJRvR;12/03/2021 2:00;TodoDigitalCom;No Registra - Latam;0;es
No les pasa que acaban de comprar el modelo m√°s nuevo de HUAWEI FreeBuds y de pronto ya sacamos otro m√°s nuevo. ü§°;12/03/2021 2:00;HuaweiMobileMx;No Registra - Latam;4;es
Libera tu lado creativo y consigue una perspectiva fascinante con Huawei P40 Lite: https://t.co/tRdH2twzAW‚Ä¶ https://t.co/sfZGCT2nQq;12/03/2021 2:00;ATTMx;No Registra - Latam;0;es
RT @LeyendasDelGdl: En semana de cl√°sico... HOY nos visitar√° @ramon7ramirez en el Centro de Formaci√≥n Leyendas del Guadalajara en el Club A‚Ä¶;12/03/2021 1:58;Doris_Gamero;No Registra - Latam;3;es
"RT @CIC_IPN_OFICIAL: Conoce las ventajas que hay para la #ComunidadCIC como miembro de la Ecosistema de Talentos Huawei 
https://t.co/xH8hh‚Ä¶";12/03/2021 1:55;ixbalank;No Registra - Latam;2;es
"@HuaweiMobileCo Donde se puede dirigir uno para comprar directo en Huawei??? Me interesa en Yp8.

Y tambien quiero‚Ä¶ https://t.co/wSd8pXsMPN";12/03/2021 1:54;DanielM52462893;No Registra - Latam;0;es
"""#Tecnologia #Noticias: Dan certificaci√≥n en ciberseguridad para tecnolog√≠a 5G en Huawei"": https://t.co/B7tIL4V874";12/03/2021 1:50;robinsnoticias;No Registra - Latam;0;es
@beomiau_u Hola piau, te sugerimos reiniciar tu equipo, se recomienda hacer esto cada dos o tres d√≠as, ya que esto‚Ä¶ https://t.co/9ewVgR5KS6;12/03/2021 1:47;HuaweiMobilePe;No Registra - Latam;0;es
RT @ElpiditoV: El yuma √©ste so√±ando conque Elon le ofrezca a la Dictadura acceso a Starlink, para mejorar el acceso a internet de las insti‚Ä¶;12/03/2021 1:47;snob_john;No Registra - Latam;2;es
India planea bloquear los equipos de Huawei por cuestiones de seguridad y espionaje https://t.co/fHL6k1FKn3;12/03/2021 1:46;tromepe;No Registra - Latam;0;es
@Xavier38082473 @HuaweiMobileCo Acaso @Huawei comparti√≥ el virus por APK, por alguna app, por su sistema, porfavor‚Ä¶ https://t.co/slydkjmpBZ;12/03/2021 1:46;SERGIOR32772103;No Registra - Latam;0;es
RT @HuaweiMobileCo: ¬°Las noches con Huawei son las mejores!üåñ‚ú®. Compra tus dispositivos favoritos Huawei con los mejores precios solo en Noc‚Ä¶;12/03/2021 1:41;marcelona21;No Registra - Latam;3;es
RT @HuaweiMobileCo: ¬°Las noches con Huawei son las mejores!üåñ‚ú®. Compra tus dispositivos favoritos Huawei con los mejores precios solo en Noc‚Ä¶;12/03/2021 1:41;BlancaGTorresM1;No Registra - Latam;3;es
@tromepe HUAWEI ES UN RIESGO PARA TODOS LOS PAISES... LA SEGURIDAD NACIONAL DE TODOS ESTA EN RIESGO... EL PARTICO C‚Ä¶ https://t.co/SSkG2XFbJO;12/03/2021 1:40;orionors;No Registra - Latam;0;es
"Mujeres, deporte extremo y Huawei: el tr√≠o perfecto del siglo XXI

Mientras te ejercitas, el HUAWEI WATCH FIT lleva‚Ä¶ https://t.co/jq8etBxdRQ";12/03/2021 1:39;AdColima;No Registra - Latam;0;es
@marcos_137 Marcos, gracias por comunicarte a Huawei. Nos interesa comunicarnos contigo por favor env√≠anos un mensa‚Ä¶ https://t.co/XZTNDCUkZ5;12/03/2021 1:38;HuaweiMobileMx;No Registra - Latam;0;es
@jacob_xalapa Jacobüòâ, con tu equipo Huaweiüì± podr√°s disfrutar de Huawei App Gallery para descargar tus aplicaciones‚Ä¶ https://t.co/C7PBb2OY4x;12/03/2021 1:36;Telcel;No Registra - Latam;0;es
Pues bien, mi Huawei se pas√≥ parte del d√≠a con el t√©cnico en Telcel. No funciona la cam frontal y cuesta $2700 arre‚Ä¶ https://t.co/N9OHdG0Pcq;12/03/2021 1:34;heavy_angel;No Registra - Latam;0;es
"RT @caanmichelena: Recuerda que #LicenciaDigitalEC ya est√° disponible para su descarga gratuita en üì≤: 

‚úÖApp Gallery (Huawei) https://t.co/‚Ä¶";12/03/2021 1:32;InfocentroOlmed;No Registra - Latam;91;es
Llevo dos d√≠as intentando cambiar cosas a la SD, gracias Huawei por tus actualizaciones de shit;12/03/2021 1:31;PunkyGirl54;No Registra - Latam;0;es
@AsiloOscuro @letrarium üòê Tengo Huawei as√≠ que nada de google play services üò¢;12/03/2021 1:31;DCapricornio_;No Registra - Latam;0;es
"Huawei: jajajajaja
Los productos de Apple: jajajajajajajajajajajajaja
El Covid-19: JAJAJAJAJJAJAJAJAJAJAJAJAJA https://t.co/FqRqQvxPxF";12/03/2021 1:31;demianvelandia;No Registra - Latam;0;es
El a√±o pasado, India prohibi√≥ el uso de m√°s de 100 aplicaciones chinas en su pa√≠s. https://t.co/755oj1cALl;12/03/2021 1:30;tromepe;No Registra - Latam;0;es
@Telcel apesta el equipo Huawei Y9A, no se puede cargar el Play Store y la de ventas Huawei te dice que se pueden c‚Ä¶ https://t.co/d9ns9p4AuP;12/03/2021 1:30;jacob_xalapa;No Registra - Latam;0;es
"8 Mejores tel√©fonos de negocios 2020

Los mejores tel√©fonos del mercado para usuarios de negocios. Mejores m√≥viles‚Ä¶ https://t.co/AgSm1qdmov";12/03/2021 1:30;aliaga88153012;No Registra - Latam;0;es
"‚ÄúLa revoluci√≥n del 5G es tan amplia y profunda que impactar√° en todos los sectores de la econom√≠a de los pa√≠ses.""‚Ä¶ https://t.co/6cnLfnHBrC";12/03/2021 1:25;josechtv;No Registra - Latam;0;es
"@Yurlay31 @fernandez_ecu ¬°Que bestia!

Yo me hice viral con un iphone que vi en fb y iphone ni el adaptador del car‚Ä¶ https://t.co/SWZZoim5bQ";12/03/2021 1:22;lanena_dh;No Registra - Latam;0;es
@CMonteroOficial En Rep√∫blica Dominicana no podemos comprar tecnolog√≠a de Huawei para la Red 5G, pero tuvimos que c‚Ä¶ https://t.co/Rb89bZOJWN;12/03/2021 1:21;EnnioTerrero;No Registra - Latam;0;es
#Huawei tendr√≠a listo un PC desktop para lanzarse fuera de China  https://t.co/fvB6xl2P9c;12/03/2021 1:18;fabriballarino;No Registra - Latam;0;es
RT @xatakandroid: El Huawei P50 tendr√° un extra√±o dise√±o y un m√≥dulo de c√°mara descomunal, seg√∫n OnLeaks https://t.co/bXogrcdXhE;12/03/2021 1:16;es_molano;No Registra - Latam;2;es
@RecuerdosPeru Lo van a convertir en Huawei y el quiere ser iphone ü§£;12/03/2021 1:15;AnderBH91;No Registra - Latam;0;es
RT @xatakandroid: El Huawei P50 tendr√° un extra√±o dise√±o y un m√≥dulo de c√°mara descomunal, seg√∫n OnLeaks https://t.co/bXogrcdXhE;12/03/2021 1:15;colacojose;No Registra - Latam;2;es
RT @asambleapa: El presidente @castillero_me, junto a la H.D. @kayraharding, recibi√≥ la visita de Allen Chen y Vivian Junmin de Huawei, qui‚Ä¶;12/03/2021 1:10;CamaraIntpa;No Registra - Latam;6;es
@InfanteArgenisM Tengo el √∫ltimo Huawei mi amor el que sali√≥ en enero, as√≠ que si me voy para iPhone debe ser un 12;12/03/2021 1:07;DenisHdez25;No Registra - Latam;0;es
RT @HuaweiMobileCo: ¬°Lleg√≥ Huaweek a Huawei Store y trae para ti incre√≠bles promociones este mes! ü§©ü•≥Adem√°s, te otorgamos cupones especiales‚Ä¶;12/03/2021 1:05;es_molano;No Registra - Latam;1;es
@DenisHdez25 üôÉüôÉüôÉ yo no paso de Huawei y tu anda por un 12;12/03/2021 1:04;InfanteArgenisM;No Registra - Latam;0;es
Comienzan las pruebas de 5G en Argentina con las principales empresas TIC https://t.co/Gp8mrO80VE #5G‚Ä¶ https://t.co/AUQ8lFleA0;12/03/2021 1:04;NotiNettOk;No Registra - Latam;0;es
RT @infobae: India se encamina a bloquear Huawei por cuestiones de seguridad https://t.co/2dDpkdxUFq;12/03/2021 1:01;psfigoli;No Registra - Latam;3;es
El Huawei P50 tendr√° un extra√±o dise√±o y un m√≥dulo de c√°mara descomunal, seg√∫n OnLeaks https://t.co/bXogrcdXhE;12/03/2021 1:00;xatakandroid;No Registra - Latam;2;es
"#Mundo üåé @dpl_news AnalyTICs

Las restricciones a Huawei podr√≠an reducir las inversiones globales en telecomunicaci‚Ä¶ https://t.co/dg6YMShJ2g";12/03/2021 0:59;ASOTIC;No Registra - Latam;0;es
@PapaCandelo2323 Me quedo con mi HUAWEI.;12/03/2021 0:55;josemanueldelro;No Registra - Latam;0;es
RT @LeyendasDelGdl: En semana de cl√°sico... HOY nos visitar√° @ramon7ramirez en el Centro de Formaci√≥n Leyendas del Guadalajara en el Club A‚Ä¶;12/03/2021 0:55;Kikidelgado1;No Registra - Latam;3;es
Enacom inicia las pruebas de 5G en Argentina con Ericsson, Huawei y Nokia https://t.co/fQKw21LskR;12/03/2021 0:54;CostaLatuti;No Registra - Latam;0;es
@ladolcecami En este momento tengo un Huawei Mate 20 pro, he tenido muchos huawei y por lejos los modelos pro son otra cosa, por lejos!;12/03/2021 0:53;seba_sirius;No Registra - Latam;0;es
RT @dpl_news: #Argentina | El @ENACOMArgentina reunir√° en un evento a @ericsson, @Huawei y @nokia, con el fin de realizar demostraciones or‚Ä¶;12/03/2021 0:52;dixieliano;No Registra - Latam;5;es
"RT @CIC_IPN_OFICIAL: Conoce las ventajas que hay para la #ComunidadCIC como miembro de la Ecosistema de Talentos Huawei 
https://t.co/xH8hh‚Ä¶";12/03/2021 0:52;iohacker;No Registra - Latam;2;es
@seba_sirius Seba, cual Huawei tenias? Ando buscando uno bueno pa foto;12/03/2021 0:43;ladolcecami;No Registra - Latam;0;es
RT @dpl_news: #Argentina | El @ENACOMArgentina reunir√° en un evento a @ericsson, @Huawei y @nokia, con el fin de realizar demostraciones or‚Ä¶;12/03/2021 0:37;wtd_x;No Registra - Latam;5;es
RT @ENTERCO: El Huawei P50 ser√≠a el primero en llegar con HarmonyOS https://t.co/ZIE47YqPB5 #Android10 #bloqueoaHuawei #HarmonyOS;12/03/2021 0:36;ENTERCO;No Registra - Latam;3;es
#XatakAndroid | El Huawei P50 tendr√° un extra√±o dise√±o y un m√≥dulo de c√°mara descomunal, seg√∫n OnLeaks  https://t.co/Lv0LPKWK1Y;12/03/2021 0:35;android_esp;No Registra - Latam;0;es
Me compr√© un HUAWEI hace 6 d√≠as con su bater√≠a al 100% , ahora tengo 52%;12/03/2021 0:31;VivianaGrisel1;No Registra - Latam;0;es
"HUAWEI Y9 PRIME 2019 128 GB üí•
RD$ 14,995
‚úîDisponible en todas nuestras sucursales.
‚úîServicio a domicilio.
¬øQu√© espe‚Ä¶ https://t.co/Vj82fz82X3";12/03/2021 0:31;AmorelRD;No Registra - Latam;0;es
Llamativa la forma y llamativo el n√∫mero de huecos para c√°maras (en la era de la triple y cu√°druple c√°mara trasera). https://t.co/94qHiAzeFR;12/03/2021 0:20;xataka;No Registra - Latam;0;es
@LipaJergui @Sofa_dont_exist Similar al Huawei, ahorita te muestro como.;12/03/2021 0:17;Expectationsmjl;No Registra - Latam;0;es
"Analizamos a fondo la beta de #HarmonyOS: el plan B de #Huawei es #Android disfrazado
https://t.co/n0odGRsjli";12/03/2021 0:15;vemedina;No Registra - Latam;0;es
Conoce las ventajas que hay para la #ComunidadCIC como miembro de la Ecosistema de Talentos Huawei‚Ä¶ https://t.co/4uTWzs4ere;12/03/2021 0:12;CIC_IPN_OFICIAL;No Registra - Latam;2;es
@cesarsalza @Huawei Vaya modulo;12/03/2021 0:07;jordaan_ma;No Registra - Latam;0;es
Huawei Sound y Sound X sonido premium con tecnolog√≠a Devialet https://t.co/VlysLpVX9N https://t.co/nkR5FQQFvM;12/03/2021 0:06;GeekApps_es;No Registra - Latam;0;es
Primera pista del dise√±o del Huawei P50 Pro: üì±üîãse filtran im√°genes que muestran un extra√±o y masivo m√≥dulo de c√°mar‚Ä¶ https://t.co/3er7lfRN1U;12/03/2021 0:05;siscotecnologia;No Registra - Latam;0;es
@geishuchrist Hay muchos que pierden su dignidad a costa de poder tener un Iphone, ¬øen realidad vale la pena? Mi Hu‚Ä¶ https://t.co/ytRKkEksbd;12/03/2021 0:03;DonQuij83758999;No Registra - Latam;0;es
Huawei P50 Pro: se filtran detalles del smartphone con inmensa c√°mara https://t.co/3aCsUGBZ9i;12/03/2021 0:01;Mag_ECpe;No Registra - Latam;0;es
Tu entrenador personal al alcance de tu mano. Comienza #TuVidaConectada y fitness con el nuevo #SmartWatchGT2 üö¥üèã‚åö‚Ä¶ https://t.co/OhfuhB0rOm;12/03/2021 0:01;big_rousseau;No Registra - Latam;0;es
"Conoce los temas que son tendencia en la agenda de #DPLNews. 

üëâEricsson, Nokia y Huawei participar√°n en pruebas 5G‚Ä¶ https://t.co/Jme9eYq6Wv";12/03/2021 0:01;dpl_news;No Registra - Latam;0;es
El Ente Nacional de Comunicaciones anunci√≥ que la semana pr√≥xima se reunir√° con las empresas Ericsson, Huawei, Noki‚Ä¶ https://t.co/Eha0R5ahnT;12/03/2021 0:00;HernanRozin;No Registra - Latam;0;es
As√≠ de raro ser√° el Huawei P50, seg√∫n OnLeaks https://t.co/2rw7E5hcMb;12/03/2021 0:00;xatakamovil;No Registra - Latam;0;es
"RT @Alejand43364700: #FNANDROIDMATTERS
@Fortnite_ES @FortniteGame
huawei nova 5 t, 8 ram kirin 980
De verdad optimizen su juego @Fortnite_E‚Ä¶";11/03/2021 23:59;FNANDROIDMATTE1;No Registra - Latam;0;es
RT @MundoEConflicto: El Ente Nacional de Comunicaciones anunci√≥ que la semana pr√≥xima se reunir√° con las empresas Ericsson, Huawei y Nokia‚Ä¶;11/03/2021 23:53;oliverhuayamave;No Registra - Latam;11;es
@Moigomez4 Maje sinceramente los √∫ltimos Samsungs y huawei podr√≠a atreverme a decir que pueden estar mejor que un i‚Ä¶ https://t.co/Ix8qRaa1wo;11/03/2021 23:52;ManuelAguiilar_;No Registra - Latam;0;es
Estas herramientas son de gran utilidad tanto para alumnos como docentes y permiten mantenerse informado de horario‚Ä¶ https://t.co/sUjGaAIrhs;11/03/2021 23:50;ALTINFOcl;No Registra - Latam;0;es
En este enlace se pueden leer las rese√±as sobre nuestros #cursos #formaci√≥n #illustraciencia #ilustracioncientifica‚Ä¶ https://t.co/yGPDwunvVN;11/03/2021 23:45;illustraciencia;No Registra - Latam;0;es
Y es discutiendo sobre tener iPhone te hace mas gente que una persona que use (Samsung, Huawei, one plus etc..) es que est√°n? üíÄüí©üß†üöÆ;11/03/2021 23:42;Yachsel;No Registra - Latam;0;es
RT @anamaroura: ¬´¬†¬øTienes un celular de Huawei en la mano? Cu√≠dalo mucho. En los pr√≥ximos a√±os podr√≠a ser en un raro objeto fuera de China¬†‚Ä¶;11/03/2021 23:40;g_alvarez0;No Registra - Latam;4;es
Y yo pensando que el problema de las historias en Instagram era por m√≠ celular. Quiero que sepas querido Huawei que‚Ä¶ https://t.co/3xkG9jMxZE;11/03/2021 23:36;marielaracosta;No Registra - Latam;0;es
"Buen noticia ! Hay que bajar la dependencia de China a nivel mundial, en todas las √°reas, en todos los rubros...

https://t.co/C67qGO7JDF";11/03/2021 23:32;cabvuy;No Registra - Latam;0;es
RT @MundoEConflicto: El Ente Nacional de Comunicaciones anunci√≥ que la semana pr√≥xima se reunir√° con las empresas Ericsson, Huawei y Nokia‚Ä¶;11/03/2021 23:28;Kiin84076550;No Registra - Latam;11;es
¬øSab√≠as que puedes vender recargas en tu negocio? ¬øNo?... no te preocupes ¬°Nosotros de decimos c√≥mo! M√°ndanos mensa‚Ä¶ https://t.co/nXrKALLqWj;11/03/2021 23:26;siprel;No Registra - Latam;0;es
RT @MundoEConflicto: El Ente Nacional de Comunicaciones anunci√≥ que la semana pr√≥xima se reunir√° con las empresas Ericsson, Huawei y Nokia‚Ä¶;11/03/2021 23:25;WladimirGodoy5;No Registra - Latam;11;es
